-- MySQL dump 10.13  Distrib 5.7.9, for Win32 (AMD64)
--
-- Host: localhost    Database: equipamentos
-- ------------------------------------------------------
-- Server version	5.5.50

/*!40101 SET @OLD_CHARACTER_SET_CLIENT=@@CHARACTER_SET_CLIENT */;
/*!40101 SET @OLD_CHARACTER_SET_RESULTS=@@CHARACTER_SET_RESULTS */;
/*!40101 SET @OLD_COLLATION_CONNECTION=@@COLLATION_CONNECTION */;
/*!40101 SET NAMES utf8 */;
/*!40103 SET @OLD_TIME_ZONE=@@TIME_ZONE */;
/*!40103 SET TIME_ZONE='+00:00' */;
/*!40014 SET @OLD_UNIQUE_CHECKS=@@UNIQUE_CHECKS, UNIQUE_CHECKS=0 */;
/*!40014 SET @OLD_FOREIGN_KEY_CHECKS=@@FOREIGN_KEY_CHECKS, FOREIGN_KEY_CHECKS=0 */;
/*!40101 SET @OLD_SQL_MODE=@@SQL_MODE, SQL_MODE='NO_AUTO_VALUE_ON_ZERO' */;
/*!40111 SET @OLD_SQL_NOTES=@@SQL_NOTES, SQL_NOTES=0 */;

--
-- Dumping data for table `patrimonio`
--

LOCK TABLES `patrimonio` WRITE;
/*!40000 ALTER TABLE `patrimonio` DISABLE KEYS */;
INSERT INTO `patrimonio` VALUES ('000002','REINALDO FATORI',391680,'JOSE ANTONIO DE SOUZA',287474,'MGA','2','MOTO PODA','STHIL','835edafb951715525fdfb805a630d550','PR'),('011-0616','BRUNO GONCALVES DE ASSIS',394038,'WAGNER MONTEIRO',380636,'WENCESLAU BRAZ','2','MOTO PODA','HT 131','f8dff52b179a68384ec6f93c79deac2c.jpg','PR'),('015421','TIAGO SCHUSTER JANIACKI',390255,'JEFFERSON CLERICE DRUSZCZ',390630,'CTA','2','IDENTIFICADOR DE FIBRA','.','15465d0dd1bc9d6ed9a177d62fdc3960','PR'),('015592','TIAGO SCHUSTER JANIACKI',390255,'JEFFERSON CLERICE DRUSZCZ',390630,'CTA','2','MÁQUINA DE FUSÃO','JILONG KL280','149b78e9664d83e521d6f14413e1aa47','PR'),('015637','ADHAN FELIPE',392052,'RAFAEL JOSE ANDROTTI',388939,'CTA','2','POWER METER','F2H','28524762632fc30e7abaef43a213925e','PR'),('015998','TIAGO SCHUSTER JANIACKI',390255,'JEFFERSON CLERICE DRUSZCZ',390630,'CTA','2','POWER METER','F2H','4f32eb097fd3689ecf478be0fa96ec0c','PR'),('043838','ADHAN FELIPE',392052,'RAFAEL JOSE ANDROTTI',388939,'CTA','2','OTDR','REDEX','9fb536b45ab16e401eb5932b7b4a7023','PR'),('044068','DIENIFFER FERNANDO LINDOLFO',390240,'SIDNEI GONÇALVES MENDES',401941,'MQS','2','FONTE DE LUZ LASER','.','deabcbeb134a980be02f8850287becea','PR'),('044077','CRISTIANO CHAVES DA SILVA',394473,'WAGNER MONTEIRO',380636,'JACAREZINHO','0','CLIVADOR','FIBER CLEAVER','7257aa33933c002d97462edb1e703703.jpg','PR'),('044149','GISALDO ANGELO MONTEIRO',392527,'JEFFERSON CLERICE DRUSZCZ',390630,'CTA','0','MÁQUINA DE FUSÃO','JILONG KL 280','29f2ee656ed7a0a217bdf218425f9231','PR'),('044251','EDNALDO VIDAL',384201,'JEFFERSON CLERICE DRUSZCZ',390630,'CTA','2','OTDR','VIAVI','d5f8738adf22fdf7b2e7bc27c8b9f180','PR'),('044270','TIAGO SCHUSTER JANIACKI',390255,'JEFFERSON CLERICE DRUSZCZ',390630,'CTA','2','CLIVADOR','FUJIKURA CT-06','7bc147cb71b229a8af83ba491fc64469','PR'),('044271','EDNALDO VIDAL',384201,'JEFFERSON CLERICE DRUSZCZ',390630,'CTA','2','CLIVADOR','FUJIKURA','2d6de9933f2d69e7589efafe37b6f02b','PR'),('044277','THIAGO MONTEIRO',392052,'RAFAEL JOSE ANDROTTI',388939,'CTA','2','IDENTIFICADOR DE FIBRA','VIAVI','ab2d964fff4026591123355577ebf165','PR'),('044280','RONALDO DANIEL DA SILVA',389812,'JEFFERSON CLERICE DRUSZCZ',380636,'CTA','2','CLIVADOR','FUJIKURA CT-06','327fb4e0ac95acc7e5cc10b0c5623f9d','PR'),('044287','THIAGO MONTEIRO',392052,'RAFAEL JOSE ANDROTTI',388939,'CTA','2','POWER METER','VIAVI','e0e86a4b8c42267fff27805a1910f7aa','PR'),('044296','DIENIFFER FERNANDO LINDOLFO',390240,'SIDNEI GONÇALVES MENDES',401941,'MQS','2','OTDR','.','9b99520baab3d70325750795597e1da3','PR'),('044298','RONALDO DANIEL DA SILVA',389812,'JEFFERSON CLERICE DRUSZCZ',380636,'CTA','2','OTDR','VIAVI','35875d68a17783d0659619e326e9f230','PR'),('044376','ADHAN FELIPE',392052,'RAFAEL JOSE ANDROTTI',388939,'CTA','2','CLIVADOR','FUJIKURA CT-06','3ad6bd16e5df296d512df701397c871e','PR'),('044386','CRISTIANO CHAVES DA SILVA',394473,'WAGNER MONTEIRO',380636,'JACAREZINHO','0','MÁQUINA DE FUSÃO','JLONG','9118e858e92d5ffcea559e813960d0fd.jpg','PR'),('044398','TIAGO SCHUSTER JANIACKI',390255,'JEFFERSON CLERICE DRUSZCZ',390630,'CTA','2','OTDR','EXFO','94a14abc2494d0a3e2089f33722c76f6','PR'),('044487','DIENIFFER FERNANDO LINDOLFO',390240,'SIDNEI GONÇALVES MENDES',401941,'MQS','2','MÁQUINA DE FUSÃO','.','f53668b6ef1aebd936560e9c44fa79a2','PR'),('044561','THIAGO MONTEIRO',392052,'RAFAEL JOSE ANDROTTI',388939,'CTA','2','MÁQUINA DE FUSÃO','FITEL S178','b4d2c8a573d7d82b2825417921150a24','PR'),('044562','RONALDO DANIEL DA SILVA',389812,'JEFFERSON CLERICE DRUSZCZ',390630,'CTA','2','MÁQUINA DE FUSÃO','FITEL S178','b901afda1d89b2051600160b55244f46','PR'),('044567','EDNALDO VIDAL',384201,'JEFFERSON CLERICE DRUSZCZ',390630,'CTA','2','MÁQUINA DE FUSÃO','FITEL 178','2bfcec35a63ccbf33a9b4c6731a255fb','PR'),('044577','THIAGO MONTEIRO',392052,'RAFAEL JOSE ANDROTTI',388939,'CTA','2','OTDR','ANRITSU','3fe9defefe21c7090c755fb0c7c3dcdf','PR'),('044623','THIAGO MONTEIRO',392052,'RAFAEL JOSE ANDROTTI',388939,'CTA','2','CLIVADOR','FUJIKURA CT-06','0c4f7a5b6a3740f62e62404f70e5effe','PR'),('044624','RONALDO DANIEL DA SILVA',389812,'JEFFERSON CLERICE DRUSZCZ',390630,'CTA','2','POWER METER','VIAVI','0d8d7be12a96e7d605339d5ad9141584','PR'),('044626','EDNALDO VIDAL',384201,'JEFFERSON CLERICE DRUSZCZ',390630,'CTA','2','POWER METER','VIAVI','d7b5e8cdda4daaf25d42b6cae350e2a6','PR'),('044632','FERNANDO DE ASSIS FERIA',389789,'RAFAEL JOSE ANDROTTI',388939,'CTA','2','MÁQUINA DE FUSÃO','FUJIKURA 70SC','17d48aa454c50593a1e91501befc18dd','PR'),('044633','DIENIFFER FERNANDO LINDOLFO',390240,'SIDNEI GONÇALVES MENDES',401941,'MQS','2','POWER METER','.','f1aaf5c0e2cc48ec966f949b555673af','PR'),('044637','EDNALDO VIDAL',384201,'JEFFERSON CLERICE DRUSZCZ',390630,'CTA','2','IDENTIFICADOR DE FIBRA','VIAVI','6f04f45891d1ef98c80446be27f36796','PR'),('044641','REGINALDO DOS SANTOS',399635,'RAFAEL JOSE ANDROTTI',390630,'CTA','2','OTDR','FUJIKURA 70S','05dd4454a5679845f00a4e64f0e24793','PR'),('044644','DIENIFFER FERNANDO LINDOLFO',390240,'SIDNEI GONÇALVES MENDES',401941,'MQS','2','CLIVADOR','.','16955154bd57d2bac7815eb44328b7f8','PR'),('044646','RONALDO DANIEL DA SILVA',389812,'JEFFERSON CLERICE DRUSZCZ',390630,'CTA','2','IDENTIFICADOR DE FIBRA','VIAVI','21f9e19ddeaf6e8aafff4329d343bf6b','PR'),('044649','DIENIFFER FERNANDO LINDOLFO',390240,'SIDNEI GONÇALVES MENDES',401941,'MQS','2','IDENTIFICADOR DE FIBRA','.','be24cf59ab762cd4e193e7c60d30f591','PR'),('044717','REGINALDO DOS SANTOS',399635,'RAFAEL JOSE ANDROTTI',390630,'CTA','2','OTDR','.','d866e16bd0c44eff3b46f6a090f4a8de','PR'),('050906','REGINALDO DOS SANTOS',399635,'RA',390630,'CTA','2','CLIVADOR','.','7542588b5213aa6cce933a22919a331a','PR'),('0988','TESTE',391789,'TESTE',391789,'SC','2','MÁQUINA DE FUSÃO','TESTE','50b05dcb6d230f5d3e5f56db6c4e6847','SC'),('11136','IVAN IMMERICH',388608,'JOSE ANTONIO DE SOUZA',287474,'MGA','2','IDENTIFICADOR DE FIBRA','GRANDWAY','2052ba5045758d7efacfc6c737b5e930','PR'),('11335','JACSON JOSE DA SILVA',393539,'WAGNER MONTEIRO',380636,'PGO','2','CLIVADOR','.','cfe51a39c42dbc03b39f9cd4c8fe1888','PR'),('115596','IRINEU MURAWSKI JURASWKI',382016,'WAGNER MONTEIRO',380636,'PGO','2','MÁQUINA DE FUSÃO','.','c5a0a4ea986a9afba5702e806313ff4f','PR'),('115921','IRINEU MURAWSKI JURASWKI',382016,'WAGNER MONTEIRO',380636,'PGO','2','OTDR','.','2ae67c5c78ebc263b5b3c58ec69bc437','PR'),('143847','ADHAN FELIPE',392052,'RAFAEL JOSE ANDROTTI',388939,'CTA','2','MÁQUINA DE FUSÃO','GREENLEE 910FS','c1040fdeb4bfaeebc6703d18f1f149c3','PR'),('14405','EDIMIDIO LUCIANO DE NAZARÉ',380720,'JOSE ANTONIO DE SOUZA',287474,'PVA','0','MÁQUINA DE FUSÃO','JILONG KL280','cfe531b09072b6b319c25a1c46ede109.png','PR'),('14407','ADILSON SANTANA COSTA',382765,'WAGNER MONTEIRO',380636,'PGO','2','CLIVADOR','.','658b94c38c9ba0d15db26afae07a328f','PR'),('14600','EDIMIDIO LUCIANO DE NAZARÉ',380720,'JOSÉ ANTONIO DE SOUZA',287474,'MGA','2','POWER METER','.','6eaaa155407f9ae6ee9358467afc9b21','PR'),('14697','ADILSON SANTANA COSTA',382765,'WAGNER MONTEIRO',380636,'PGO','2','MÁQUINA DE FUSÃO','.','1cc18d8d5605acbc429ccf26fe395283','PR'),('15393','REGINALDO DIGNER POPENDA',381930,'WAGNER MONTEIRO',380636,'PGO','2','OTDR','.','a6498f2fc66897c61b29a26cbecf061e','PR'),('15415','IRINEU MURAWSKI JURASWKI',382016,'WAGNER MONTEIRO',380636,'PGO','2','MÁQUINA DE FUSÃO','.','6da86133cbf446c74192d15213f3b59b','PR'),('15416','JOÃO LUIZ FELIPE DA COSTA ',388024,'SIDNEI GONÇALVES MENDES ',401941,'LDA','2','MÁQUINA DE FUSÃO','.','b683954ef63ded206316c95c09429cef','PR'),('15417','LUIZ EDUARDO PINTO COSTA ',390254,'SIDNEI GONÇALVES MENDES ',401941,'LDA','2','MÁQUINA DE FUSÃO','.','07e06dc318b441e84a9ec81b25896722','PR'),('15422','SANDRO ALVES DA SILVA',382783,'RAFAEL JOSÉ ANDRIETTI ',388939,'MGA','2','CLIVADOR','.','20fe28291bc7265d9409773656120d16','PR'),('15431','MARCELO RODRIGUES',390703,'JOSÉ ANTONIO DE SOUZA',287474,'MGA','2','POWER METER','.','3d16fd8bcad696e82fa9e7b32c44c0a9','PR'),('15437','JOÃO LUIZ FELIPE DA COSTA ',388024,'SIDNEI GONÇALVES MENDES ',401941,'LDA','2','POWER METER','.','9234bc9e17ef1030126df7ce75b19609','PR'),('15494','IRINEU MURAWSKI JURASWKI',382016,'WAGNER MONTEIRO',380636,'PGO','2','POWER METER','.','25a06f1bce366c12c513f4ee81a0d459','PR'),('15500','SANDRO ALVES DA SILVA',382783,'RAFAEL JOSÉ ANDRIETTI ',388939,'MGA','2','IDENTIFICADOR DE FIBRA','GRANDWAY','5c5b9e4da43c8c192eea401c3b985d9f','PR'),('15523','IRINEU MURAWSKI JURASWKI',382016,'WAGNER MONTEIRO',390630,'PGO','2','CLIVADOR','.','6fadafac3eae015de49e43a188331081','PR'),('15589','JOSE EDUILIO TABORDA MIRANDA ',290010,'ALVINO KLEMANN',383340,'MHR','2','CLIVADOR','.','89daa7827cf7fcec13980bb9ad737e60','PR'),('15593','SANDRO ALVES DA SILVA',382783,'RAFAEL JOSÉ ANDRIETTI ',388939,'MGA','2','MÁQUINA DE FUSÃO','JILONG KL 280G','c0724d794f1326c542f5a36c8227c17f','PR'),('15594','JACSON JOSE DA SILVA',393539,'WAGNER MONTEIRO',380636,'PGO','2','MÁQUINA DE FUSÃO','.','9b8f227fdaa64c97ceaa03c9a2b80a96','PR'),('15599','LUIZ EDUARDO PINTO COSTA ',392054,'SIDNEI GONÇALVES MENDES ',401941,'LDA','2','IDENTIFICADOR DE FIBRA','.','8fc6f8591259d1e3b8245d25e97554b2','PR'),('15634','WILLIAN LUIZ FERREIRA',391157,'JOSÉ ANTONIO DE SOUZA',287474,'MGA','2','POWER METER','JF2H FHP1','d52fe2f4191a982ac5c644757c2e2d41','PR'),('15920','NADSON DE SOUZA BARBOSA',399601,'SIDNEI GONÇALVES MENDES',401941,'LDA','2','OTDR','.','3cd74d485822b164ea26c592642178ec','PR'),('15984','LUIZ EDUARDO PINTO COSTA ',390254,'SIDNEI GONÇALVES MENDES ',401941,'LDA','2','OTDR','.','3d3d22798d97c09cdc4cdd5f6f023730','PR'),('15985','JOÃO LUIZ FELIPE DA COSTA ',388024,'SIDNEI GONÇALVES MENDES ',401941,'LDA','2','OTDR','.','7d492aa65638b60c73d69c6abbe04ba0','PR'),('15986','IVAN IMMERICH',388608,'JOSE ANTONIO DE SOUZA',287474,'MGA','2','OTDR','REDEX','42f94a6ce8024371e965320b58222eff','PR'),('15989','ANTONIO MARCOS STUNPF',385177,'ALDINO KLEMANN',383304,'CSC','0','OTDR','ANRITSU','70746d7ec8287e138e3dd75719e3e5ad','PR'),('15992','SANDRO ALVES DA SILVA',382783,'RAFAEL JOSÉ ANDRIETTI ',388939,'MGA','2','OTDR','REDEX','671a88f72abf93fcf54953173ce7adf0','PR'),('15994','ROGÉRIO GONÇALVES RODRIGUES ',392540,'JOSE ANTONIO DE SOUZA',287474,'MGA','2','POWER METER','   ','db9350d563eba8ee494c9d4e30077e11','PR'),('16474','EDIMIDIO LUCIANO DE NAZARÉ',380720,'JOSÉ ANTONIO DE SOUZA',287474,'MGA','2','CLIVADOR','.','c6c60bf06cfe77d3a38eb853ca3ce1bc','PR'),('17268','IVAN IMMERICH',388608,'JOSE ANTONIO DE SOUZA',287474,'MGA','2','POWER METER','F2H FHS1','445e8b05967e3a5778691e787610b524','PR'),('17269','VALDINEI JOSÉ GONÇALVES',379856,'JOSÉ ANTONIO DE SOUZA',287474,'MGA','2','POWER METER','F2H FHS1','a14a292c874501dcd0a6e9e6ec765171','PR'),('23773','EDIMIDIO LUCIANO DE NAZARÉ',380720,'JOSÉ ANTONIO DE SOUZA',287474,'MGA','2','OTDR','.','8fb12cd77c26f6f5fe2c673b18a0a0a2','PR'),('23928','EDIMIDIO LUCIANO DE NAZARÉ',380720,'JOSÉ ANTONIO DE SOUZA',287474,'MGA','2','POWER METER','.','547a00bbd390db4e59827327424812f5','PR'),('23929','VALDINEI JOSÉ GONÇALVES',379856,'JOSÉ ANTONIO DE SOUZA',287474,'MGA','2','POWER METER','EXFO EPM 100','9b4ef80417b629440d919ef6daec570e','PR'),('23930','IVAN IMMERICH',388608,'JOSE ANTONIO DE SOUZA',287474,'MGA','2','POWER METER','EXFO EPM 100','bd717df79520d3b54fae8b65dee12121','PR'),('28462','REGINALDO DIGNER POPENDA',381930,'WAGNER MONTEIRO',380636,'PGO','2','CLIVADOR','.','f31a94b960abba23d9ac855bd674954c','PR'),('30431','JACSON JOSE DA SILVA',393539,'WAGNER MONTEIRO',380636,'PGO','2','OTDR','.','169504c0a2667366f61337aeab2cbad4','PR'),('33115','JACSON JOSE DA SILVA',393539,'WAGNER MONTEIRO',390636,'PGO','2','FONTE DE LUZ LASER','.','6e2245735486f2e7ba8359fa254216b0','PR'),('33766','UBIRAJARA  SALES ',288596,'ALVINO KLEMANN',383304,'FOZ','2','OTDR','.','ca7a55fe169d6fe2d460fc81edf4263b','PR'),('34118','ADILSON SANTANA COSTA',382765,'WAGNER MONTEIRO',380636,'PGO','2','POWER METER','.','368aad415b721dd70275bacdd35480e8','PR'),('34955','VALDINEI JOSÉ GONÇALVES',379856,'JOSÉ ANTONIO DE SOUZA',287474,'MGA','2','OTDR','MTS 4000','6746f896c3700fb947f54bc07a616dc4','PR'),('35199','LUIZ EDUARDO PINTO COSTA ',390254,'SIDNEI GONÇALVES MENDES ',401941,'LDA','2','POWER METER','.','b788cb84613d547361acf52f38c33ea9','PR'),('38402','ELI CORREIA SANTOS',390604,'WAGNER MONTEIRO',380636,'WENCESLAU BRAZ','2','BOBINA DE LANÇAMENTO DE TESTE','FIBRACEM','d89ba54323b22e6e80c0d13978475216.jpg','PR'),('41054','RONALDO DANIEL DA SILVA',389812,'JEFFERSON CLERICE DRUSZCZ',380636,'CTA','2','BOBINA DE LANÇAMENTO DE TESTE','FIBRACEM','d61cc207e07eac5295b3497fbd2459e2','PR'),('42255','VALDINEI JOSÉ GONÇALVES',379856,'JOSÉ ANTONIO DE SOUZA',287474,'MGA','2','IDENTIFICADOR DE FIBRA','GRANDWAY','c853871da0a50eb1aa6169ea83e7bde3','PR'),('42260','EDIMIDIO LUCIANO DE NAZARÉ',380720,'JOSÉ ANTONIO DE SOUZA',287474,'MGA','2','IDENTIFICADOR DE FIBRA','.','efd314a13ecf037870f56cd8addff5f0','PR'),('42604','NADSON DE SOUZA BARBOSA',399601,'SIDNEI GONÇALVES MENDES',401941,'LDA','2','MÁQUINA DE FUSÃO','.','b04a1cfdebe6629a5394f959230bb4c7','PR'),('43806','JHONATHAN PIRES DE CARVALHO',393538,'WAGNER MONTEIRO',380636,'PGO','2','FONTE DE LUZ LASER','.','fdeae42e0ecfcccdd2b0cb5c5973877b','PR'),('43835','JHONATHAN PIRES DE CARVALHO',393538,'WA',380636,'PGO','2','CLIVADOR','.','879a042cc6e1627ef7c85274c28cc9be','PR'),('43864','JHONATHAN PIRES DE CARVALHO',393538,'WAGNER MONTEIRO',380636,'PGO','2','OTDR','.','6f1b39a5cab0c9613df234009529a8ba','PR'),('43877','JOSE EDUILIO TABORDA MIRANDA ',290010,'ALVINO KLEMANN',383304,'MHR','2','OTDR','.','075c8ffe579b0df8b087f993798e70ac','PR'),('43879','JACSON JOSE DA SILVA',393539,'WAGNER MONTEIRO',380636,'PGO','2','POWER METER','.','558fdd170f64b024c33037c2cf565bfd','PR'),('43884','JHONATHAN PIRES DE CARVALHO',393538,'WAGNER MONTEIRO',380636,'PGO','2','POWER METER','.','d94485c5f0c59fa7c57ab5d1857b935a','PR'),('43885','ROGÉRIO GONÇALVES RODRIGUES ',392540,'JOSE ANTONIO DE SOUZA',287474,'MGA','2','OTDR','  ','e408cced795a7ac189e8bb7b0525befd','PR'),('43891','JHONATHAN PIRES DE CARVALHO',393538,'WAGNER MONTEIRO',380636,'PGO','2','IDENTIFICADOR DE FIBRA','.','a6c23e3613bcfa8a5418092034bd2a53','PR'),('43893','REGINALDO DIGNER POPENDA',381930,'WAGNER MONTEIRO',380636,'PGO','2','MÁQUINA DE FUSÃO','.','fbf753f206334e7bd3ff4e5979887919','PR'),('43894','CRISTIANO CHAVES DA SILVA',394473,'SIDNEI GONÇALVES MENDES ',401941,'LDA','2','POWER METER','.','cdbb14e0c4d013dd3cb5356686049d62','PR'),('43896','LUIZ EDUARDO PINTO COSTA ',390254,'SIDNEI GONÇALVES MENDES ',401941,'LDA','2','FONTE DE LUZ LASER','.','0eed0cabc55546b547825fb9704a0978','PR'),('43897','JACSON JOSE DA SILVA',393539,'WAGNER MONTEIRO',380636,'PGO','2','IDENTIFICADOR DE FIBRA','.','7785efe6faf3abf865b3b25e58161864','PR'),('43916','IVAN EMMERICH',388608,'JOSE ANTONIO DE SOUZA',287474,'MGA','2','MÁQUINA DE FUSÃO',' ','eadd6c90aa3c95f688b62c1449d9e7cf','PR'),('43945','CRISTIANO CHAVES DA SILVA',394473,'SIDNEI GONÇALVES MENDES ',401941,'LDA','2','OTDR','.','97ba8b564a8067d64b36ebe21752052d','PR'),('43948','MARCELO RODRIGUES DE CARVALHO',390703,'JOSE ANTONIO DE SOUZA',287474,'LND','0','MÁQUINA DE FUSÃO','FITEL ','72f217363c446aec2fe22b99f0297977.png','PR'),('43950','CRISTIANO CHAVES DA SILVA',394473,'SIDNEI GONÇALVES MENDES ',401941,'LDA','2','IDENTIFICADOR DE FIBRA','.','00fc5333657e1f2c666daad0b09c9681','PR'),('44070','CELSO LUIZ NEVES',380223,'JOSÉ ANTONIO DE SOUZA',287474,'MGA','2','FONTE DE LUZ LASER','PROFIBER','e8a052d92b9fef9150c3d1587fce5a4e','PR'),('44077','CRISTIANO CHAVES DA SILVA',394473,'SIDNEI GONÇALVES MENDES ',401941,'LDA','2','CLIVADOR','.','1a78b1ec605c5d4b378db271250139b7','PR'),('44089','ALEF BURKOWSKY DA SILVA',390247,'JOSE ANTONIO DE SOUZA',287474,'LND','2','FONTE DE LUZ LASER','   ','bba351c7ec24b52f452879b32a912969','PR'),('44192','MARCELO RODRIGUES',390703,'JOSÉ ANTONIO DE SOUZA',287474,'MGA','2','MÁQUINA DE FUSÃO','INSINTECH KEYMAN','9b08ab02fde943a4c64ef6392f8f9bff','PR'),('44269','CELSO LUIZ NEVES',380223,'JOSÉ ANTONIO DE SOUZA',287474,'MGA','2','CLIVADOR','FUJIKURA CT 06','ff393e19b716c1cd9c091da1adb8a7e0','PR'),('4427','ELI CORREIA DOS SANTOS ',390604,'SIDNEI GONÇALVES MENDES ',401941,'LDA','2','CLIVADOR','.','0b190790e1b0a4de32cbef6a8916618f','PR'),('44284','FERNANDO DE ASSIS FARIA',389789,'RAFAEL JOSE ANDRIETTI',388939,'MGA','2','POWER METER','.','50fe3ab14c21cec1e9cb9b720fd7d8f3','PR'),('44288','GUSTAVO DEMARI SILVEIRA',399567,'JOSE ANTONIO DE SOUZA',287474,'MGA','2','POWER METER','   ','87a0c4962e1b2e5b18444b681bad654a','PR'),('44289','JOSE PELEK ',386614,'RAFAEL JOSE ANDRIETTI',388939,'GRP','2','IDENTIFICADOR DE FIBRA','.','1b8a231a496bd92ab3cda7222f90427d','PR'),('44290','FERNANDO DE ASSIS FARIA',389789,'RAFAEL JOSE ANDRIETTI',388939,'MGA','2','IDENTIFICADOR DE FIBRA','.','c6f3cca1aeadf9c286c38e4ae9acbcf4','PR'),('44294','ELI CORREIA DOS SANTOS ',390604,'SIDNEI GONÇALVES MENDES ',401941,'LDA','2','OTDR','.','96790b42863bd37834f41c207f6fd5b1','PR'),('44295','CELSO LUIZ NEVES',380223,'JOSÉ ANTONIO DE SOUZA',287474,'MGA','2','OTDR','VIAVI','4021e5939a2c0e7b720bd7fa4b84c69f','PR'),('44385','IVAN IMMERICH',388608,'JOSE ANTONIO DE SOUZA',287474,'MGA','0','MÁQUINA DE FUSÃO','JILONG KL 280','16702137490c3d3a4831c45b91ba0787','PR'),('44488','GUSTAVO DEMARI SILVEIRA',399567,'JOSE ANTONIO DE SOUZA',287474,'MGA','0','MÁQUINA DE FUSÃO','FUJIKURA 70 S','9e634b6440924a025d0c6a47a0c7aeaf','PR'),('44497','ANTONIO MARCOS STUNPF',385177,'ALDINO KLEMANN',383394,'PBC','0','MÁQUINA DE FUSÃO','KL280','20d0e48cb5649dbec352e1343f67f04d','PR'),('44555','CELSO LUIZ NEVES',380223,'JOSÉ ANTONIO DE SOUZA',287474,'MGA','2','MÁQUINA DE FUSÃO','FITEL S178 A','b2bb223c1646b0886e7073fa4ad72101','PR'),('44557','EDIMIDIO LUCIANO DE NAZARÉ',380720,'JOSÉ ANTONIO DE SOUZA',287474,'MGA','2','MÁQUINA DE FUSÃO','FITEL S178 A','07bbc0c03602584ca4237088308214cc','PR'),('44558','CHAILEM PIRES ',388844,'RAFAEL JOSE ANDROTTI',388939,'CSC','2','CLIVADOR','.','bf2889637aac5a7ae2df773e29b455f6','PR'),('44559','DOLAVAN ALAN DIEGO TORRES ',399633,'SIDNEI GONÇALVES MENDES ',401941,'LDA','2','MÁQUINA DE FUSÃO','.','5b654ebb8026899975e7a63eae21b75c','PR'),('44563','JOSE PELEK ',386614,'RAFAEL JOSE ANDRIETTI',388939,'GRP','2','MÁQUINA DE FUSÃO','.','e24a064a80764d7cb3e6761a28c52218','PR'),('44564','VALDINEI JOSÉ GONÇALVES',379856,'JOSÉ ANTONIO DE SOUZA',287474,'MGA','2','MÁQUINA DE FUSÃO','FITEL S178 A ','201e67a19b3e4b38410e14138e54ae07','PR'),('44566','ELI CORREIA DOS SANTOS ',390604,'SIDNEI GONÇALVES MENDES ',401941,'LDA','2','MÁQUINA DE FUSÃO','.','28ccf928e1525dc217f7be7ec94936f1','PR'),('44570','ALEF BURKOWSKY DA SILVA',390247,'JOSE ANTONIO DE SOUZA',287474,'LND','2','OTDR','  ','b93ba7173cf48b7dc7ff4fd570986f9b','PR'),('44573','JOSE PELEK ',386614,'RAFAEL JOSE ANDRIETTI',388939,'GRP','2','OTDR','.','89a347c7ae6a5942136ee34675c04fbc','PR'),('44574','DOLAVAN ALAN DIEGO TORRES ',399633,'SIDNEI GONÇALVES MENDES ',401941,'LDA','2','OTDR','.','d12f2148a64c4a6c02b6aa54102836b5','PR'),('44575','FERNANDO DE ASSIS FARIA',389789,'RAFAEL JOSE ANDRIETTI',388939,'MGA','2','OTDR','.','fae4465a5e723de7dd82ced551119aff','PR'),('44588','MARCELO RODRIGUES',390703,'JOSÉ ANTONIO DE SOUZA',287474,'MGA','2','OTDR','ANRITSU','96a1bb4f3268ffcc88e228c5f050fbb1','PR'),('44607','ELI CORREIA DOS SANTOS ',390604,'SIDNEI GONÇALVES MENDES ',401941,'LDA','2','POWER METER','.','78fc0aa18550d33956463130cd97b150','PR'),('44608','CELSO LUIZ NEVES',380223,'JOSÉ ANTONIO DE SOUZA',287474,'MGA','2','POWER METER','VIAVI OLP38','73145c5f1919f7e28043d02a5c337f97','PR'),('44619','ALEF BURKOWSKY DA SILVA',390247,'JOSE ANTONIO DE SOUZA',287474,'LND','2','CLIVADOR','   ','c76ebea674b77837730b1b1c11b74449','PR'),('44622','DOLAVAN ALAN DIEGO TORRES ',399633,'SIDNEI GONÇALVES MENDES ',401941,'LDA','2','CLIVADOR','.','2ae82d029447b3739329ef04a71004f1','PR'),('44625','JOSE PELEK ',386614,'RAFAEL JOSE ANDRIETTI',388939,'GRP','2','POWER METER','.','330e8a831f5be9d8625bee9c2341921a','PR'),('44627','TIAGO TORRES ',390245,'RAFAEL JOSE ANDROTTI',388939,'DVZ','2','POWER METER','.','f6d400bab1d3c7888819bbbba30d8af8','PR'),('44628','NADSON DE SOUZA BARBOSA',399601,'SIDNEI GONÇALVES MENDES',401941,'LDA','2','CLIVADOR','.','bf1143f64f0ad9ab338d4f623f72e00b','PR'),('44630','JOSE PELEK',386614,'RAFAEL JOSE ANDRIETTI',388939,'GRP','2','CLIVADOR','.','adaa0a0fd00c2591dd71518ea04483a4','PR'),('44631','VALDINEI JOSÉ GONÇALVES',379856,'JOSÉ ANTONIO DE SOUZA',287474,'MGA','2','CLIVADOR','FUJIKURA CT 06','4f69156e3d4407615d9ad07136c21603','PR'),('44636','DOLAVAN ALAN DIEGO TORRES ',399633,'SIDNEI GONÇALVES MENDES ',401941,'LDA','2','IDENTIFICADOR DE FIBRA','.','d5b861c8feac86404df3778383efcffe','PR'),('44639','NADSON DE SOUZA BARBOSA',399601,'SIDNEI GONÇALVES MENDES',401941,'LDA','2','MÁQUINA DE FUSÃO','.','5c51ccc8caccf42d4826e1d580ee74ad','PR'),('44643','FERNANDO DE ASSIS FARIA',389789,'RAFAEL JOSE ANDRIETTI',388939,'MGA','2','CLIVADOR','.','fe4074ed0ba3b703edd2dcafe14f275c','PR'),('44647','MARCELO RODRIGUES',390703,'JOSÉ ANTONIO DE SOUZA',287474,'MGA','2','IDENTIFICADOR DE FIBRA','VIAVI','e9748e93d4d14a969015771e17517aad','PR'),('44648','CELSO LUIZ NEVES',380223,'JOSÉ ANTONIO DE SOUZA',287474,'MGA','2','IDENTIFICADOR DE FIBRA','VIAVI FL 60','90006bc83d9ae1ff58e3cc4fd883d4a8','PR'),('44669','ELI CORREIA DOS SANTOS ',390604,'SIDNEI GONÇALVES MENDES ',401941,'LDA','2','FONTE DE LUZ LASER','.','c9a9ff7b5e6fe863ee765b1bd6262098','PR'),('44671','ELI CORREIA DOS SANTOS ',390604,'SIDNEI GONÇALVES MENDES ',401941,'LDA','2','IDENTIFICADOR DE FIBRA','.','f311c5f5739a96c78fd30fcd2e6c8b2b','PR'),('46805','VINICIUS DA SILVA GRASSI',401333,'JOSE ANTONIO DE SOUZA',287474,'LND','2','IDENTIFICADOR DE FIBRA','  ','fd7c73583e5a167577569b6d3f13108b','PR'),('47172','IVAN EMMERICH',388608,'JOSE ANTONIO DE SOUZA',287474,'UMR','0','MÁQUINA DE FUSÃO','  ','9cf4e3e69cfa9ae089c441e78786a0c0','PR'),('47209','DANIEL GUSSI DA SILVA',401948,'JOSE ANTONIO DE SOUZA',287474,'UMR','2','MOTO PODA','VULCAN','550d3f02c14e7d4296076f6a1376ee78','PR'),('47210','ADRIANO CANALI',399643,'JOSE ANTONIO DE SOUZA',287474,'MGA','2','MOTO PODA','VULCAN','8328ae4567ac5d8f827dfa1569c5579a','PR'),('47211','VINICIUS DA SILVA GRASSI',401333,'JOSE ANTONIO DE SOUZA',287474,'LND','2','MOTO PODA','VULCAN','ce23a49447f32b4e337f813b8cf62373','PR'),('47293','IVAN EMMERICH',388608,'JOSE ANTONIO DE SOUZA',287474,'UMR','2','MOTO BOMBA',' BRANCO','781dbda1e35dbdc8181f10d581a49ad5','PR'),('47295','GUSTAVO DEMARI SILVEIRA',399567,'JOSE ANTONIO DE SOUZA',287474,'MGA','2','MOTO BOMBA','BRANCO','99637243229032f94b123d3ae923ac3f','PR'),('51562','MARCELO RODRIGUES',390703,'JOSÉ ANTONIO DE SOUZA',287474,'MGA','0','CLIVADOR','.','f3dce4a6d7d930cddcade3df4a34928e','PR'),('60915','JOÃO LUIZ FELIPE DA COSTA ',388024,'SIDNEI GONÇALVES MENDES ',401941,'LDA','2','IDENTIFICADOR DE FIBRA','.','a560deb6f447a1d019261e254aa05243','PR'),('65146','IVAN IMMERICH',388608,'JOSE ANTONIO DE SOUZA',287474,'MGA','2','CLIVADOR','.','6e624d83f48a0bb12f290f1f4557d018','PR'),('65147','ROGÉRIO GONÇALVES RODRIGUES ',392540,'JOSE ANTONIO DE SOUZA',287474,'MGA','2','CLIVADOR',' ','ce0781283cb4c28f3a3c60f4c71a39f1','PR'),('88214','ADRIANO CANALI',399643,'JOSE ANTONIO DE SOUZA',287474,'MGA','2','MOTO SERRA','.','374e82de0027a8e6c8b227af051dabdf','PR'),('BT0009','IVAN EMMERICH',388608,'JOSE ANTONIO DE SOUZA',287474,'UMR','2','BOBINA DE LANÇAMENTO DE TESTE','FIBRACEM 1000M','17145f20631e1f009889d6da6f91ef2b.png','PR'),('BT0010','VALDINEI JOSE GONÇALVES',379856,'JOSE ANTONIO DE SOUZA',287474,'MGA','2','BOBINA DE LANÇAMENTO DE TESTE','.','5d479a3fa654a67a862147564375a69f','PR'),('BT0012','EDIMIDIO LUCIANO DE NAZARÉ',380720,'JOSE ANTONIO DE SOUZA',287474,'PVA','2','BOBINA DE LANÇAMENTO DE TESTE','.','614c948cee2e9c5e9860a29b76bc9452','PR'),('BT0013','JACSON JOSE DA SILVA',393539,'WAGNER MONTEIRO',380636,'PGO','2','BOBINA DE LANÇAMENTO DE TESTE','FIBRACEM','8e50adc12b87c676ce09e6dd985f9075.jpg','PR'),('BT01','ANTONIO MARCOS STUNPF',385177,'ALDINO KLEMANN',383304,'DVZ','2','BOBINA DE LANÇAMENTO DE TESTE','FIBRA 100','289739f7a46e74ca138f17fc5ccbb864','PR'),('BT02','LEANDRO GERALDO BRANDALISE',381097,'ALDINO KLEMANN',383304,'PBC','2','BOBINA DE LANÇAMENTO DE TESTE','FIBRA 100','3522100e26fe00d58fe242a50a8c1ad5','PR'),('BT03','ADEMIR PRZYVARA',379941,'ALDINO KLEMANN',383304,'FNB','2','BOBINA DE LANÇAMENTO DE TESTE','FIBRA 100','56ebd3c10d75ee9580246acfc5c618b1','PR'),('BT04','CLAUDIO SAUTER',382476,'ALDINO KLEMANN',383304,'CSC','2','BOBINA DE LANÇAMENTO DE TESTE','FIBRA 100','8a442d89f326659b32138466484903d3','PR'),('BT05','UBIRAJARA SALES AVILA',288596,'ALDINO KLEMANN',383304,'FOZ','2','BOBINA DE LANÇAMENTO DE TESTE','FIBRA 100','2a1752320391882c7a80ed397f4aabbe','PR'),('G12PB02573','SANDRO ALVES DA SILVA',382783,'RAFAEL JOSÉ ANDRIETTI ',388939,'MGA','2','POWER METER','F2H','16e7db40a4cea1222ee0e7d0f5983dc1','PR'),('NAO TEM PAT. ADILSON GRP','ADILSON SIQUEIRA GOMES',382765,'WAGNER MONTEIRO',380636,'PGO','2','OTDR','.','b892e36f1256de184ecf2aa6ed8b8c4b','PR'),('NAO TEM PAT. DIGNER','REGINALDO DIGNER POPENDA',381930,'WAGNER MONTEIRO',380636,'PGO','2','POWER METER','.','95c5d2f4e8957289d7961b998c7edb37','PR'),('SAA01466982','RONALDO DANIEL DA SILVA',389812,'JEFFERSON CLERICE DRUSZCZ',380636,'CTA','2','BOBINA DE LANÇAMENTO DE TESTE','FIBRACEM','14fd42356a7b03cb64e8ffdf7a76bc92','PR'),('SEM N°  LUIZ EDUARDO PINTO COSTA ','LUIZ EDUARDO PINTO COSTA ',390254,'SIDNEI GONÇALVES MENDES ',401941,'LDA','2','CLIVADOR','.','f0af8c4cc4661648057962e367352e67','PR'),('SEM N° GISALDO ','GISALDO ANGELO MONTEIRO ',392527,'JEFFERSON CLERICE DRUSZCZ',380636,'CTA','2','POWER METER','.','facf07d68a17367c67942813cd634a29','PR'),('SEM N° GISALDO ANGELO','GISALDO ANGELO MONTEIRO ',392527,'JEFFERSON CLERICE DRUSZCZ',380636,'CTA','2','OTDR','GREENLEAF 920XC-20C','a5ba123e2d149ca9d1f3144ce3f4deeb','PR'),('SEM N° JOÃO LUIZ FELIPE ','JOÃO LUIZ FELIPE DA COSTA ',388024,'SIDNEI GONÇALVES MENDES ',401941,'LDA','2','BOBINA DE LANÇAMENTO DE TESTE','.','ffbcf6e95bb4f0e6607beea18157e0e9','PR'),('SEM N° JOÃO LUIZ FELIPE DA COSTA ','JOÃO LUIZ FELIPE DA COSTA ',388024,'SIDNEI GONÇALVES MENDES ',401941,'LDA','2','CLIVADOR','.','38d718098c3f3b1177f044c315b520ea','PR'),('SEM N°GISALDO','GISALDO ANGELO MONTEIRO ',392527,'JEFFERSON CLERICE DRUSZCZ',380636,'CTA','2','MÁQUINA DE FUSÃO','FUJIKURA 70S','7f29da18aa6847beb842a67a364c3de7','PR'),('SEM N°GISALDO ANGELO','GISALDO ANGELO MONTEIRO ',392527,'JEFFERSON CLERICE DRUSZCZ',380636,'CTA','2','BOBINA DE LANÇAMENTO DE TESTE','FIBRACEM','b9ca7119542f6a0d176f64e5ce6ba50b','PR');
/*!40000 ALTER TABLE `patrimonio` ENABLE KEYS */;
UNLOCK TABLES;

--
-- Dumping data for table `status`
--

LOCK TABLES `status` WRITE;
/*!40000 ALTER TABLE `status` DISABLE KEYS */;
INSERT INTO `status` VALUES (1,'2017-06-09','0000-00-00','0000-00-00','0000-00-00','0000-00-00','0000-00-00','044386'),(2,'2017-06-09','0000-00-00','0000-00-00','0000-00-00','0000-00-00','0000-00-00','044077'),(3,'2017-06-09','0000-00-00','0000-00-00','0000-00-00','0000-00-00','0000-00-00','44497'),(4,'2017-06-09','0000-00-00','0000-00-00','0000-00-00','0000-00-00','0000-00-00','15989'),(5,'2017-07-05','0000-00-00','0000-00-00','0000-00-00','0000-00-00','0000-00-00','044149'),(6,'2017-07-05','0000-00-00','0000-00-00','0000-00-00','0000-00-00','0000-00-00','43948'),(7,'2017-07-05','0000-00-00','0000-00-00','0000-00-00','0000-00-00','0000-00-00','14405'),(8,'2017-08-02','0000-00-00','0000-00-00','0000-00-00','0000-00-00','0000-00-00','51562'),(9,'2017-08-03','0000-00-00','0000-00-00','0000-00-00','0000-00-00','0000-00-00','44385'),(10,'2017-08-22','0000-00-00','0000-00-00','0000-00-00','0000-00-00','0000-00-00','47172'),(11,'2017-08-22','0000-00-00','0000-00-00','0000-00-00','0000-00-00','0000-00-00','44488');
/*!40000 ALTER TABLE `status` ENABLE KEYS */;
UNLOCK TABLES;

--
-- Dumping data for table `usuario`
--

LOCK TABLES `usuario` WRITE;
/*!40000 ALTER TABLE `usuario` DISABLE KEYS */;
INSERT INTO `usuario` VALUES (287474,'JOSE ANTONIO DE SOUZA','ADM','MGA','JOSE','PR'),(380636,'WAGNER MONTEIRO','ADM','pgo','WAGNER','PR'),(380936,'ANDERSON FORTUNATO','ADM','380936','380936','PR'),(383304,'ALDINO KLEMMAN','ADM','CSC','ALDINO','PR'),(389489,'EVERTON DA SILVA FAVORIN','ADM','389489  ','389489  ','PR'),(389739,'VALDELIRIO CASSIANO','ADM','389739','389739','PR'),(390630,'Jefferson Clerici','ADM','390630','390630','PR'),(391581,'Filippe Alves de Souza','ADM','99500205','Filippe','PR'),(391789,'RUDINEI ROSSALES','ADM','391789','391789','SC'),(401941,'SIDNEI GONÇALVES','ADM','401941','401941','PR');
/*!40000 ALTER TABLE `usuario` ENABLE KEYS */;
UNLOCK TABLES;
/*!40103 SET TIME_ZONE=@OLD_TIME_ZONE */;

/*!40101 SET SQL_MODE=@OLD_SQL_MODE */;
/*!40014 SET FOREIGN_KEY_CHECKS=@OLD_FOREIGN_KEY_CHECKS */;
/*!40014 SET UNIQUE_CHECKS=@OLD_UNIQUE_CHECKS */;
/*!40101 SET CHARACTER_SET_CLIENT=@OLD_CHARACTER_SET_CLIENT */;
/*!40101 SET CHARACTER_SET_RESULTS=@OLD_CHARACTER_SET_RESULTS */;
/*!40101 SET COLLATION_CONNECTION=@OLD_COLLATION_CONNECTION */;
/*!40111 SET SQL_NOTES=@OLD_SQL_NOTES */;

-- Dump completed on 2017-08-23 17:06:22
