-- MySQL dump 10.13  Distrib 5.7.9, for Win32 (AMD64)
--
-- Host: localhost    Database: equipamentos
-- ------------------------------------------------------
-- Server version	5.5.50

/*!40101 SET @OLD_CHARACTER_SET_CLIENT=@@CHARACTER_SET_CLIENT */;
/*!40101 SET @OLD_CHARACTER_SET_RESULTS=@@CHARACTER_SET_RESULTS */;
/*!40101 SET @OLD_COLLATION_CONNECTION=@@COLLATION_CONNECTION */;
/*!40101 SET NAMES utf8 */;
/*!40103 SET @OLD_TIME_ZONE=@@TIME_ZONE */;
/*!40103 SET TIME_ZONE='+00:00' */;
/*!40014 SET @OLD_UNIQUE_CHECKS=@@UNIQUE_CHECKS, UNIQUE_CHECKS=0 */;
/*!40014 SET @OLD_FOREIGN_KEY_CHECKS=@@FOREIGN_KEY_CHECKS, FOREIGN_KEY_CHECKS=0 */;
/*!40101 SET @OLD_SQL_MODE=@@SQL_MODE, SQL_MODE='NO_AUTO_VALUE_ON_ZERO' */;
/*!40111 SET @OLD_SQL_NOTES=@@SQL_NOTES, SQL_NOTES=0 */;

--
-- Dumping data for table `patrimonio`
--

LOCK TABLES `patrimonio` WRITE;
/*!40000 ALTER TABLE `patrimonio` DISABLE KEYS */;
INSERT INTO `patrimonio` VALUES ('0000001','ADRIANO CANALI',399643,'JOSE ANTONIO DE SOUZA',287474,'MGA','2','MOTO SERRA','STHIL','1043044bfa9580f8108ca89a53ddff57'),('000002','REINALDO FATORI',391680,'JOSE ANTONIO DE SOUZA',287474,'MGA','2','MOTO PODA','STHIL','835edafb951715525fdfb805a630d550'),('011-0616','BRUNO GONCALVES DE ASSIS',394038,'WAGNER MONTEIRO',380636,'WENCESLAU BRAZ','2','MOTO PODA','HT 131','f8dff52b179a68384ec6f93c79deac2c.jpg'),('044077','CRISTIANO CHAVES DA SILVA',394473,'WAGNER MONTEIRO',380636,'JACAREZINHO','0','CLIVADOR','FIBER CLEAVER','7257aa33933c002d97462edb1e703703.jpg'),('044149','GISALDO ANGELO MONTEIRO',392527,'JEFFERSON CLERICE DRUSZCZ',390630,'CTA','0','MÁQUINA DE FUSÃO','JILONG KL 280','29f2ee656ed7a0a217bdf218425f9231'),('044386','CRISTIANO CHAVES DA SILVA',394473,'WAGNER MONTEIRO',380636,'JACAREZINHO','0','MÁQUINA DE FUSÃO','JLONG','9118e858e92d5ffcea559e813960d0fd.jpg'),('11136','IVAN IMMERICH',388608,'JOSE ANTONIO DE SOUZA',287474,'MGA','2','IDENTIFICADOR DE FIBRA','GRANDWAY','2052ba5045758d7efacfc6c737b5e930'),('11335','JACSON JOSE DA SILVA',393539,'WAGNER MONTEIRO',380636,'PGO','2','CLIVADOR','.','cfe51a39c42dbc03b39f9cd4c8fe1888'),('115596','IRINEU MURAWSKI JURASWKI',382016,'WAGNER MONTEIRO',380636,'PGO','2','MÁQUINA DE FUSÃO','.','c5a0a4ea986a9afba5702e806313ff4f'),('115921','IRINEU MURAWSKI JURASWKI',382016,'WAGNER MONTEIRO',380636,'PGO','2','OTDR','.','2ae67c5c78ebc263b5b3c58ec69bc437'),('14405','EDIMIDIO LUCIANO DE NAZARÉ',380720,'JOSE ANTONIO DE SOUZA',287474,'PVA','0','MÁQUINA DE FUSÃO','JILONG KL280','cfe531b09072b6b319c25a1c46ede109.png'),('14407','ADILSON SANTANA COSTA',382765,'WAGNER MONTEIRO',380636,'PGO','2','CLIVADOR','.','658b94c38c9ba0d15db26afae07a328f'),('14600','EDIMIDIO LUCIANO DE NAZARÉ',380720,'JOSÉ ANTONIO DE SOUZA',287474,'MGA','2','POWER METER','.','6eaaa155407f9ae6ee9358467afc9b21'),('14697','ADILSON SANTANA COSTA',382765,'WAGNER MONTEIRO',380636,'PGO','2','MÁQUINA DE FUSÃO','.','1cc18d8d5605acbc429ccf26fe395283'),('15393','REGINALDO DIGNER POPENDA',381930,'WAGNER MONTEIRO',380636,'PGO','2','OTDR','.','a6498f2fc66897c61b29a26cbecf061e'),('15415','IRINEU MURAWSKI JURASWKI',382016,'WAGNER MONTEIRO',380636,'PGO','2','MÁQUINA DE FUSÃO','.','6da86133cbf446c74192d15213f3b59b'),('15422','SANDRO ALVES DA SILVA',382783,'RAFAEL JOSÉ ANDRIETTI ',388939,'MGA','2','CLIVADOR','.','20fe28291bc7265d9409773656120d16'),('15431','MARCELO RODRIGUES',390703,'JOSÉ ANTONIO DE SOUZA',287474,'MGA','2','POWER METER','.','3d16fd8bcad696e82fa9e7b32c44c0a9'),('15494','IRINEU MURAWSKI JURASWKI',382016,'WAGNER MONTEIRO',380636,'PGO','2','POWER METER','.','25a06f1bce366c12c513f4ee81a0d459'),('15500','SANDRO ALVES DA SILVA',382783,'RAFAEL JOSÉ ANDRIETTI ',388939,'MGA','2','IDENTIFICADOR DE FIBRA','GRANDWAY','5c5b9e4da43c8c192eea401c3b985d9f'),('15523','IRINEU MURAWSKI JURASWKI',382016,'WAGNER MONTEIRO',390630,'PGO','2','CLIVADOR','.','6fadafac3eae015de49e43a188331081'),('15593','SANDRO ALVES DA SILVA',382783,'RAFAEL JOSÉ ANDRIETTI ',388939,'MGA','2','MÁQUINA DE FUSÃO','JILONG KL 280G','c0724d794f1326c542f5a36c8227c17f'),('15594','JACSON JOSE DA SILVA',393539,'WAGNER MONTEIRO',380636,'PGO','2','MÁQUINA DE FUSÃO','.','9b8f227fdaa64c97ceaa03c9a2b80a96'),('15634','WILLIAN LUIZ FERREIRA',391157,'JOSÉ ANTONIO DE SOUZA',287474,'MGA','2','POWER METER','JF2H FHP1','d52fe2f4191a982ac5c644757c2e2d41'),('15986','IVAN IMMERICH',388608,'JOSE ANTONIO DE SOUZA',287474,'MGA','2','OTDR','REDEX','42f94a6ce8024371e965320b58222eff'),('15989','ANTONIO MARCOS STUNPF',385177,'ALDINO KLEMANN',383304,'CSC','0','OTDR','ANRITSU','70746d7ec8287e138e3dd75719e3e5ad'),('15992','SANDRO ALVES DA SILVA',382783,'RAFAEL JOSÉ ANDRIETTI ',388939,'MGA','2','OTDR','REDEX','671a88f72abf93fcf54953173ce7adf0'),('15994','MARCIO ALVES ARAUJO',391750,'JOSE ANTONIO DE SOUZA',287474,'MGA','2','POWER METER','.','67a3e23c7ce256b9629cbaa8c427f176'),('16474','EDIMIDIO LUCIANO DE NAZARÉ',380720,'JOSÉ ANTONIO DE SOUZA',287474,'MGA','2','CLIVADOR','.','c6c60bf06cfe77d3a38eb853ca3ce1bc'),('17268','IVAN IMMERICH',388608,'JOSE ANTONIO DE SOUZA',287474,'MGA','2','POWER METER','F2H FHS1','445e8b05967e3a5778691e787610b524'),('17269','VALDINEI JOSÉ GONÇALVES',379856,'JOSÉ ANTONIO DE SOUZA',287474,'MGA','2','POWER METER','F2H FHS1','a14a292c874501dcd0a6e9e6ec765171'),('23773','EDIMIDIO LUCIANO DE NAZARÉ',380720,'JOSÉ ANTONIO DE SOUZA',287474,'MGA','2','OTDR','.','8fb12cd77c26f6f5fe2c673b18a0a0a2'),('23928','EDIMIDIO LUCIANO DE NAZARÉ',380720,'JOSÉ ANTONIO DE SOUZA',287474,'MGA','2','POWER METER','.','547a00bbd390db4e59827327424812f5'),('23929','VALDINEI JOSÉ GONÇALVES',379856,'JOSÉ ANTONIO DE SOUZA',287474,'MGA','2','POWER METER','EXFO EPM 100','9b4ef80417b629440d919ef6daec570e'),('23930','IVAN IMMERICH',388608,'JOSE ANTONIO DE SOUZA',287474,'MGA','2','POWER METER','EXFO EPM 100','bd717df79520d3b54fae8b65dee12121'),('28462','REGINALDO DIGNER POPENDA',381930,'WAGNER MONTEIRO',380636,'PGO','2','CLIVADOR','.','f31a94b960abba23d9ac855bd674954c'),('30431','JACSON JOSE DA SILVA',393539,'WAGNER MONTEIRO',380636,'PGO','2','OTDR','.','169504c0a2667366f61337aeab2cbad4'),('33115','JACSON JOSE DA SILVA',393539,'WAGNER MONTEIRO',390636,'PGO','2','FONTE DE LUZ LASER','.','6e2245735486f2e7ba8359fa254216b0'),('34118','ADILSON SANTANA COSTA',382765,'WAGNER MONTEIRO',380636,'PGO','2','POWER METER','.','368aad415b721dd70275bacdd35480e8'),('34955','VALDINEI JOSÉ GONÇALVES',379856,'JOSÉ ANTONIO DE SOUZA',287474,'MGA','2','OTDR','MTS 4000','6746f896c3700fb947f54bc07a616dc4'),('38402','ELI CORREIA SANTOS',390604,'WAGNER MONTEIRO',380636,'WENCESLAU BRAZ','2','BOBINA DE LANÇAMENTO DE TESTE','FIBRACEM','d89ba54323b22e6e80c0d13978475216.jpg'),('41054','RONALDO DANIEL DA SILVA',389812,'JEFFERSON CLERICE DRUSZCZ',380636,'CTA','2','BOBINA DE LANÇAMENTO DE TESTE','FIBRACEM','d61cc207e07eac5295b3497fbd2459e2'),('42255','VALDINEI JOSÉ GONÇALVES',379856,'JOSÉ ANTONIO DE SOUZA',287474,'MGA','2','IDENTIFICADOR DE FIBRA','GRANDWAY','c853871da0a50eb1aa6169ea83e7bde3'),('42260','EDIMIDIO LUCIANO DE NAZARÉ',380720,'JOSÉ ANTONIO DE SOUZA',287474,'MGA','2','IDENTIFICADOR DE FIBRA','.','efd314a13ecf037870f56cd8addff5f0'),('43806','JHONATHAN PIRES DE CARVALHO',393538,'WAGNER MONTEIRO',380636,'PGO','2','FONTE DE LUZ LASER','.','fdeae42e0ecfcccdd2b0cb5c5973877b'),('43835','JHONATHAN PIRES DE CARVALHO',393538,'WA',380636,'PGO','2','CLIVADOR','.','879a042cc6e1627ef7c85274c28cc9be'),('43864','JHONATHAN PIRES DE CARVALHO',393538,'WAGNER MONTEIRO',380636,'PGO','2','OTDR','.','6f1b39a5cab0c9613df234009529a8ba'),('43879','JACSON JOSE DA SILVA',393539,'WAGNER MONTEIRO',380636,'PGO','2','POWER METER','.','558fdd170f64b024c33037c2cf565bfd'),('43884','JHONATHAN PIRES DE CARVALHO',393538,'WAGNER MONTEIRO',380636,'PGO','2','POWER METER','.','d94485c5f0c59fa7c57ab5d1857b935a'),('438885','MARCIO ALVES ARAUJO',391750,'JOSE ANTONIO DE SOUZA',287474,'MGA','2','OTDR','.','8790136efe342d62029c08366a3b964b'),('43891','JHONATHAN PIRES DE CARVALHO',393538,'WAGNER MONTEIRO',380636,'PGO','2','IDENTIFICADOR DE FIBRA','.','a6c23e3613bcfa8a5418092034bd2a53'),('43893','REGINALDO DIGNER POPENDA',381930,'WAGNER MONTEIRO',380636,'PGO','2','MÁQUINA DE FUSÃO','.','fbf753f206334e7bd3ff4e5979887919'),('43897','JACSON JOSE DA SILVA',393539,'WAGNER MONTEIRO',380636,'PGO','2','IDENTIFICADOR DE FIBRA','.','7785efe6faf3abf865b3b25e58161864'),('43948','MARCELO RODRIGUES DE CARVALHO',390703,'JOSE ANTONIO DE SOUZA',287474,'LND','0','MÁQUINA DE FUSÃO','FITEL ','72f217363c446aec2fe22b99f0297977.png'),('44070','CELSO LUIZ NEVES',380223,'JOSÉ ANTONIO DE SOUZA',287474,'MGA','2','FONTE DE LUZ LASER','PROFIBER','e8a052d92b9fef9150c3d1587fce5a4e'),('44192','MARCELO RODRIGUES',390703,'JOSÉ ANTONIO DE SOUZA',287474,'MGA','2','MÁQUINA DE FUSÃO','INSINTECH KEYMAN','9b08ab02fde943a4c64ef6392f8f9bff'),('44269','CELSO LUIZ NEVES',380223,'JOSÉ ANTONIO DE SOUZA',287474,'MGA','2','CLIVADOR','FUJIKURA CT 06','ff393e19b716c1cd9c091da1adb8a7e0'),('44284','FERNANDO DE ASSIS FARIA',389789,'RAFAEL JOSE ANDRIETTI',388939,'MGA','2','POWER METER','.','50fe3ab14c21cec1e9cb9b720fd7d8f3'),('44288','GUSTAVO DEMARI SILVEIRA',399567,'JOSE ANTONIO DE SOUZA',287474,'MGA','2','MÁQUINA DE FUSÃO','.','fa274c830e96aa27ee159a4ed0889488'),('44289','JOSE PELEK ',386614,'RAFAEL JOSE ANDRIETTI',388939,'GRP','2','IDENTIFICADOR DE FIBRA','.','1b8a231a496bd92ab3cda7222f90427d'),('44290','FERNANDO DE ASSIS FARIA',389789,'RAFAEL JOSE ANDRIETTI',388939,'MGA','2','IDENTIFICADOR DE FIBRA','.','c6f3cca1aeadf9c286c38e4ae9acbcf4'),('44295','CELSO LUIZ NEVES',380223,'JOSÉ ANTONIO DE SOUZA',287474,'MGA','2','OTDR','VIAVI','4021e5939a2c0e7b720bd7fa4b84c69f'),('44385','IVAN IMMERICH',388608,'JOSE ANTONIO DE SOUZA',287474,'MGA','2','MÁQUINA DE FUSÃO','JILONG KL 280','16702137490c3d3a4831c45b91ba0787'),('44497','ANTONIO MARCOS STUNPF',385177,'ALDINO KLEMANN',383394,'PBC','0','MÁQUINA DE FUSÃO','KL280','20d0e48cb5649dbec352e1343f67f04d'),('44555','CELSO LUIZ NEVES',380223,'JOSÉ ANTONIO DE SOUZA',287474,'MGA','2','MÁQUINA DE FUSÃO','FITEL S178 A','b2bb223c1646b0886e7073fa4ad72101'),('44557','EDIMIDIO LUCIANO DE NAZARÉ',380720,'JOSÉ ANTONIO DE SOUZA',287474,'MGA','2','MÁQUINA DE FUSÃO','FITEL S178 A','07bbc0c03602584ca4237088308214cc'),('44563','JOSE PELEK ',386614,'RAFAEL JOSE ANDRIETTI',388939,'GRP','2','MÁQUINA DE FUSÃO','.','e24a064a80764d7cb3e6761a28c52218'),('44564','VALDINEI JOSÉ GONÇALVES',379856,'JOSÉ ANTONIO DE SOUZA',287474,'MGA','2','MÁQUINA DE FUSÃO','FITEL S178 A ','201e67a19b3e4b38410e14138e54ae07'),('44573','JOSE PELEK ',386614,'RAFAEL JOSE ANDRIETTI',388939,'GRP','2','OTDR','.','89a347c7ae6a5942136ee34675c04fbc'),('44575','FERNANDO DE ASSIS FARIA',389789,'RAFAEL JOSE ANDRIETTI',388939,'MGA','2','OTDR','.','fae4465a5e723de7dd82ced551119aff'),('44588','MARCELO RODRIGUES',390703,'JOSÉ ANTONIO DE SOUZA',287474,'MGA','2','OTDR','ANRITSU','96a1bb4f3268ffcc88e228c5f050fbb1'),('44608','CELSO LUIZ NEVES',380223,'JOSÉ ANTONIO DE SOUZA',287474,'MGA','2','POWER METER','VIAVI OLP38','73145c5f1919f7e28043d02a5c337f97'),('44625','JOSE PELEK ',386614,'RAFAEL JOSE ANDRIETTI',388939,'GRP','2','POWER METER','.','330e8a831f5be9d8625bee9c2341921a'),('44630','JOSE PELEK',386614,'RAFAEL JOSE ANDRIETTI',388939,'GRP','2','CLIVADOR','.','adaa0a0fd00c2591dd71518ea04483a4'),('44631','VALDINEI JOSÉ GONÇALVES',379856,'JOSÉ ANTONIO DE SOUZA',287474,'MGA','2','CLIVADOR','FUJIKURA CT 06','4f69156e3d4407615d9ad07136c21603'),('44643','FERNANDO DE ASSIS FARIA',389789,'RAFAEL JOSE ANDRIETTI',388939,'MGA','2','CLIVADOR','.','fe4074ed0ba3b703edd2dcafe14f275c'),('44647','MARCELO RODRIGUES',390703,'JOSÉ ANTONIO DE SOUZA',287474,'MGA','2','IDENTIFICADOR DE FIBRA','VIAVI','e9748e93d4d14a969015771e17517aad'),('44648','CELSO LUIZ NEVES',380223,'JOSÉ ANTONIO DE SOUZA',287474,'MGA','2','IDENTIFICADOR DE FIBRA','VIAVI FL 60','90006bc83d9ae1ff58e3cc4fd883d4a8'),('51562','MARCELO RODRIGUES',390703,'JOSÉ ANTONIO DE SOUZA',287474,'MGA','2','CLIVADOR','.','f3dce4a6d7d930cddcade3df4a34928e'),('65146','IVAN IMMERICH',388608,'JOSE ANTONIO DE SOUZA',287474,'MGA','2','CLIVADOR','.','6e624d83f48a0bb12f290f1f4557d018'),('65147','MARCIO ALVES ARAUJO',391750,'JOSE ANTONIO DE SOUZA',287474,'MGA','2','CLIVADOR','.','842c9821616ff39c2e6604bf437b4263'),('88214','ADRIANO CANALI',399567,'JOSE ANTONIO DE SOUZA',287474,'MGA','2','MOTO SERRA','.','374e82de0027a8e6c8b227af051dabdf'),('BT0009','IVAN EMMERICH',388608,'JOSE ANTONIO DE SOUZA',287474,'UMR','2','BOBINA DE LANÇAMENTO DE TESTE','FIBRACEM 1000M','17145f20631e1f009889d6da6f91ef2b.png'),('BT0010','VALDINEI JOSE GONÇALVES',379856,'JOSE ANTONIO DE SOUZA',287474,'MGA','2','BOBINA DE LANÇAMENTO DE TESTE','.','5d479a3fa654a67a862147564375a69f'),('BT0012','EDIMIDIO LUCIANO DE NAZARÉ',380720,'JOSE ANTONIO DE SOUZA',287474,'PVA','2','BOBINA DE LANÇAMENTO DE TESTE','.','614c948cee2e9c5e9860a29b76bc9452'),('BT0013','JACSON JOSE DA SILVA',393539,'WAGNER MONTEIRO',380636,'PGO','2','BOBINA DE LANÇAMENTO DE TESTE','FIBRACEM','8e50adc12b87c676ce09e6dd985f9075.jpg'),('BT01','ANTONIO MARCOS STUNPF',385177,'ALDINO KLEMANN',383304,'DVZ','2','BOBINA DE LANÇAMENTO DE TESTE','FIBRA 100','289739f7a46e74ca138f17fc5ccbb864'),('BT02','LEANDRO GERALDO BRANDALISE',381097,'ALDINO KLEMANN',383304,'PBC','2','BOBINA DE LANÇAMENTO DE TESTE','FIBRA 100','3522100e26fe00d58fe242a50a8c1ad5'),('BT03','ADEMIR PRZYVARA',379941,'ALDINO KLEMANN',383304,'FNB','2','BOBINA DE LANÇAMENTO DE TESTE','FIBRA 100','56ebd3c10d75ee9580246acfc5c618b1'),('BT04','CLAUDIO SAUTER',382476,'ALDINO KLEMANN',383304,'CSC','2','BOBINA DE LANÇAMENTO DE TESTE','FIBRA 100','8a442d89f326659b32138466484903d3'),('BT05','UBIRAJARA SALES AVILA',288596,'ALDINO KLEMANN',383304,'FOZ','2','BOBINA DE LANÇAMENTO DE TESTE','FIBRA 100','2a1752320391882c7a80ed397f4aabbe'),('G12PB02573','SANDRO ALVES DA SILVA',382783,'RAFAEL JOSÉ ANDRIETTI ',388939,'MGA','2','POWER METER','F2H','16e7db40a4cea1222ee0e7d0f5983dc1'),('NAO TEM PAT. ADILSON GRP','ADILSON SIQUEIRA GOMES',382765,'WAGNER MONTEIRO',380636,'PGO','2','OTDR','.','b892e36f1256de184ecf2aa6ed8b8c4b'),('NAO TEM PAT. DIGNER','REGINALDO DIGNER POPENDA',381930,'WAGNER MONTEIRO',380636,'PGO','2','POWER METER','.','95c5d2f4e8957289d7961b998c7edb37');
/*!40000 ALTER TABLE `patrimonio` ENABLE KEYS */;
UNLOCK TABLES;

--
-- Dumping data for table `status`
--

LOCK TABLES `status` WRITE;
/*!40000 ALTER TABLE `status` DISABLE KEYS */;
INSERT INTO `status` VALUES (1,'2017-06-09','0000-00-00','0000-00-00','0000-00-00','0000-00-00','0000-00-00','044386'),(2,'2017-06-09','0000-00-00','0000-00-00','0000-00-00','0000-00-00','0000-00-00','044077'),(3,'2017-06-09','0000-00-00','0000-00-00','0000-00-00','0000-00-00','0000-00-00','44497'),(4,'2017-06-09','0000-00-00','0000-00-00','0000-00-00','0000-00-00','0000-00-00','15989'),(5,'2017-07-05','0000-00-00','0000-00-00','0000-00-00','0000-00-00','0000-00-00','044149'),(6,'2017-07-05','0000-00-00','0000-00-00','0000-00-00','0000-00-00','0000-00-00','43948'),(7,'2017-07-05','0000-00-00','0000-00-00','0000-00-00','0000-00-00','0000-00-00','14405');
/*!40000 ALTER TABLE `status` ENABLE KEYS */;
UNLOCK TABLES;

--
-- Dumping data for table `usuario`
--

LOCK TABLES `usuario` WRITE;
/*!40000 ALTER TABLE `usuario` DISABLE KEYS */;
INSERT INTO `usuario` VALUES (287474,'JOSE ANTONIO DE SOUZA','ADM','MGA','JOSE'),(380636,'WAGNER MONTEIRO','ADM','pgo','WAGNER'),(380936,'ANDERSON FORTUNATO','ADM','380936','380936'),(383304,'ALDINO KLEMMAN','ADM','CSC','ALDINO'),(389739,'VALDELIRIO CASSIANO','ADM','389739','389739'),(390630,'Jefferson Clerici','ADM','390630','390630'),(391581,'Filippe Alves de Souza','ADM','99500205','Filippe'),(391789,'RUDINEI ROSSALES','ADM','391789','391789');
/*!40000 ALTER TABLE `usuario` ENABLE KEYS */;
UNLOCK TABLES;
/*!40103 SET TIME_ZONE=@OLD_TIME_ZONE */;

/*!40101 SET SQL_MODE=@OLD_SQL_MODE */;
/*!40014 SET FOREIGN_KEY_CHECKS=@OLD_FOREIGN_KEY_CHECKS */;
/*!40014 SET UNIQUE_CHECKS=@OLD_UNIQUE_CHECKS */;
/*!40101 SET CHARACTER_SET_CLIENT=@OLD_CHARACTER_SET_CLIENT */;
/*!40101 SET CHARACTER_SET_RESULTS=@OLD_CHARACTER_SET_RESULTS */;
/*!40101 SET COLLATION_CONNECTION=@OLD_COLLATION_CONNECTION */;
/*!40111 SET SQL_NOTES=@OLD_SQL_NOTES */;

-- Dump completed on 2017-07-12 16:19:42
